{
  "order": [
    "0_stock",
    "1_compile-large",
    "2_contiguous",
    "3_base_scales",
    "4_fused_qkv",
    "5_dist_embed",
    "6_isab_contig"
  ],
  "states": {
    "0_stock": {
      "typical": 136.69581338763237,
      "sample": 286.41251008957624
    },
    "1_compile-large": {
      "typical": 136.85744814574718,
      "sample": 266.52067620307207
    },
    "2_contiguous": {
      "typical": 129.45970054715872,
      "sample": 238.82955126464367
    },
    "3_base_scales": {
      "typical": 120.4612934961915,
      "sample": 239.14305493235588
    },
    "4_fused_qkv": {
      "typical": 122.98364657908678,
      "sample": 239.88698981702328
    },
    "5_dist_embed": {
      "typical": 117.37248115241528,
      "sample": 239.60864916443825
    },
    "6_isab_contig": {
      "typical": 115.00839702785015,
      "sample": 233.89434721320868
    }
  }
}